{"Building_1":{"File_Name":"Building_1.csv",
               "File_Name_Solar_Profile": "solar_generation_1kW.csv",
			   "Building_Type": 1,
			   "Climate_Zone": 1,
               "Solar_Power_Installed(kW)":120, 
               "Heat_Pump":{"nominal_power":"autosize", "technical_efficiency":0.20, "t_target_heating":45 ,"t_target_cooling":8},
               "Electric_Water_Heater":{"nominal_power":"autosize", "efficiency":0.9},
               "Chilled_Water_Tank":{"capacity":3, "loss_coefficient":0.006},
               "DHW_Tank":{"capacity":3, "loss_coefficient":0.008}
              },
 "Building_2":{"File_Name":"Building_2.csv",
               "File_Name_Solar_Profile": "solar_generation_1kW.csv",
			   "Building_Type": 2,
			   "Climate_Zone": 1,
               "Solar_Power_Installed(kW)":0, 
               "Heat_Pump":{"nominal_power":"autosize", "technical_efficiency":0.21, "t_target_heating":45 ,"t_target_cooling":9},
               "Electric_Water_Heater":{"nominal_power":"autosize", "efficiency":0.92},
               "Chilled_Water_Tank":{"capacity":3, "loss_coefficient":0.006},
               "DHW_Tank":{"capacity":3, "loss_coefficient":0.008}
              },
 "Building_3":{"File_Name":"Building_3.csv",
               "File_Name_Solar_Profile": "solar_generation_1kW.csv",
			   "Building_Type": 3,
			   "Climate_Zone": 1,
               "Solar_Power_Installed(kW)":0, 
               "Heat_Pump":{"nominal_power":"autosize", "technical_efficiency":0.23, "t_target_heating":45 ,"t_target_cooling":8},
               "Electric_Water_Heater":{"nominal_power":0.0, "efficiency":0.87},
               "Chilled_Water_Tank":{"capacity":3, "loss_coefficient":0.006},
               "DHW_Tank":{"capacity":0, "loss_coefficient":0.008}
              },
 "Building_4":{"File_Name":"Building_4.csv",
               "File_Name_Solar_Profile": "solar_generation_1kW.csv",
			   "Building_Type": 4,
			   "Climate_Zone": 1,
               "Solar_Power_Installed(kW)":40, 
               "Heat_Pump":{"nominal_power":"autosize", "technical_efficiency":0.22, "t_target_heating":45 ,"t_target_cooling":9},
               "Electric_Water_Heater":{"nominal_power":0.0, "efficiency":0.9},
               "Chilled_Water_Tank":{"capacity":3, "loss_coefficient":0.006},
               "DHW_Tank":{"capacity":0, "loss_coefficient":0.008}
              },
 "Building_5":{"File_Name":"Building_5.csv",
               "File_Name_Solar_Profile": "solar_generation_1kW.csv",
			   "Building_Type": 5,
			   "Climate_Zone": 1,
               "Solar_Power_Installed(kW)":25, 
               "Heat_Pump":{"nominal_power":"autosize", "technical_efficiency":0.24, "t_target_heating":45 ,"t_target_cooling":8},
               "Electric_Water_Heater":{"nominal_power":"autosize", "efficiency":0.9},
               "Chilled_Water_Tank":{"capacity":3, "loss_coefficient":0.006},
               "DHW_Tank":{"capacity":3, "loss_coefficient":0.008}
              },
 "Building_6":{"File_Name":"Building_6.csv",
               "File_Name_Solar_Profile": "solar_generation_1kW.csv",
			   "Building_Type": 5,
			   "Climate_Zone": 1,
               "Solar_Power_Installed(kW)":20, 
               "Heat_Pump":{"nominal_power":"autosize", "technical_efficiency":0.20, "t_target_heating":45 ,"t_target_cooling":9},
               "Electric_Water_Heater":{"nominal_power":"autosize", "efficiency":0.85},
               "Chilled_Water_Tank":{"capacity":3, "loss_coefficient":0.006},
               "DHW_Tank":{"capacity":3, "loss_coefficient":0.008}
              },
 "Building_7":{"File_Name":"Building_7.csv",
               "File_Name_Solar_Profile": "solar_generation_1kW.csv",
			   "Building_Type": 5,
			   "Climate_Zone": 1,
               "Solar_Power_Installed(kW)":0, 
               "Heat_Pump":{"nominal_power":"autosize", "technical_efficiency":0.22, "t_target_heating":45 ,"t_target_cooling":8},
               "Electric_Water_Heater":{"nominal_power":"autosize", "efficiency":0.9},
               "Chilled_Water_Tank":{"capacity":3, "loss_coefficient":0.006},
               "DHW_Tank":{"capacity":3, "loss_coefficient":0.008}
              },
 "Building_8":{"File_Name":"Building_8.csv",
               "File_Name_Solar_Profile": "solar_generation_1kW.csv",
			   "Building_Type": 5,
			   "Climate_Zone": 1,
               "Solar_Power_Installed(kW)":0, 
               "Heat_Pump":{"nominal_power":"autosize", "technical_efficiency":0.24, "t_target_heating":45 ,"t_target_cooling":9},
               "Electric_Water_Heater":{"nominal_power":"autosize", "efficiency":0.93},
               "Chilled_Water_Tank":{"capacity":3, "loss_coefficient":0.006},
               "DHW_Tank":{"capacity":3, "loss_coefficient":0.008}
              },
 "Building_9":{"File_Name":"Building_9.csv",
               "File_Name_Solar_Profile": "solar_generation_1kW.csv",
			   "Building_Type": 5,
			   "Climate_Zone": 1,
               "Solar_Power_Installed(kW)":0, 
               "Heat_Pump":{"nominal_power":"autosize", "technical_efficiency":0.22, "t_target_heating":45 ,"t_target_cooling":8},
               "Electric_Water_Heater":{"nominal_power":"autosize", "efficiency":0.9},
               "Chilled_Water_Tank":{"capacity":3, "loss_coefficient":0.006},
               "DHW_Tank":{"capacity":3, "loss_coefficient":0.008}
              }
}